Workbook

Sheet 2025
A1: Unnamed: 0 | B1: Unnamed: 1 | C1: Unnamed: 2 | D1: Unnamed: 3 | E1: Unnamed: 4 | F1: Unnamed: 5 | G1: Unnamed: 6 | H1: Unnamed: 7 | V1: 1000
B2: No. of Trades in 4 years | C2: Profit | D2: Profit % | E2: Profit Factor | F2: BUY | G2: SELL | H2: CLOSE BUY | I2: CLOSE SELL | J2: Open | K2: Price | L2: Close | M2: Price | N2: Current | O2: Status | P2: Result | Q2: Profit | R2: Net Profit | S2: Profit % | T2: Profit Trades | U2: Change | V2: Shares
A3: NULL | G3: 2024/09/25 | J3: =IF(ISBLANK(F3:G3),,IF(COUNTA(F3)=0,G3,F3)) | K3: =IFERROR(__xludf.DUMMYFUNCTION("if(isblank(J609),,index(googlefinance(A609,K$2,J609-1),2,2))"),174.79) | L3: =IF(ISBLANK(H3:I3),,IF(COUNTA(H3)=0,I3,H3)) | M3: =IFERROR(__xludf.DUMMYFUNCTION("if(isblank(L609),, index(googlefinance(A609,M$2,L609-1),2,2))"),"") | N3: =IFERROR(__xludf.DUMMYFUNCTION("if(isblank(A609),,googlefinance(A609))"),175.42) | O3: =IF(ISBLANK(J3),,IF(ISBLANK(L3),"Ongoing","Completed")) | P3: =IF(ISBLANK(A3),,IF(AND(COUNTA(F3)=1,U3>0),"Profit",IF(AND(COUNTA(G3)=1,U3<0),"Profit","Loss"))) | Q3: =IF(ISBLANK(V3),,IF(P3="Profit",IF(U3<0,V3*-U3,V3*U3),IF(U3>0,V3*-U3,V3*U3))) | R3: =SUMIF($Q$3:Q3,">-999") | S3: =(R3)/15000 | T3: =IF($Q3>0, TRUE, FALSE) | U3: =IF(ISBLANK(J3),,IF(ISBLANK(L3),N3-K3,M3-K3)) | V3: =IF(ISBLANK(J3),,ROUNDDOWN(V$1/K3,0))
A4: JBHT

Sheet Analysis
A1: Profit | B1: =SUMIF('2025'!Q:Q,">0") | D1: BUY trades | E1: =COUNTA('2025'!F:F)
A2: Loss | B2: =SUMIF('2025'!Q:Q,"<0") | D2: SELL trades | E2: =COUNTA('2025'!G:G)
A3: Net Change | B3: =B1+B2
A4: Profit factor | B4: =B1/ABS(B2)
A6: Profit % | B6: =B3/15000
A7: Profit % / month | B7: =B6/(DATEDIF('2025'!#REF!, TODAY(), "D")/30)
A9: Completed trades | B9: =COUNTIF('2025'!O:O,"Completed")
A10: Profit trades | B10: =COUNTIF('2025'!P:P,"Profit")
A11: Profit trades % | B11: =B10/B9
